,volume,CloudPrcYear
0,512.21,5.5057
1,519.59,16.4855
2,488.7,14.8001
3,792.87,3.2026
4,473.03,2.4512
5,493.77,0.0473
6,498.55,0.05299999999999999
7,475.16,0.0705
8,26.87,0.4636
9,489.37,0.8045000000000001
10,840.2,18.6738
11,824.35,7.324299999999999
12,6434.670000000001,none
