,volume,CloudPrcYear
0,867.25,6.472800000000001
1,200.16,6.4171
2,530.37,5.4522
3,825.74,4.9728
4,509.47,0.6143
5,495.61,0.0
6,800.64,0.0
7,50.15,0.0
8,789.28,0.891
9,492.99,0.6044
10,501.76,2.8009000000000004
11,843.79,1.4431
12,6907.21,none
